stt,poiDesc,tenphanloaidisan,tenloaihinhdisan,thongtingioithieu,giave,giavetreem,tentinh,tenhuyenthithanh,tenxaphuong,diachi,correctedCoords,poiLong,poiLat,anhdaidien,geometry,poiAddr
1,Điện Thái Hòa và Sân Đại Triều Nghi,Di sản văn hóa vật thể,Di tích lịch sử,"Tọa lạc ở vị trí quan trọng nhất trong Đại Nội, Điện Thái Hòa đã từng chứng kiến sự đăng quang của 13 vua Nguyễn từ Gia Long đến Bảo Đại. Trong suốt triều đại quân chủ Việt Nam, Hoàng đế được xem là vị chúa vĩ đại nhất. Chính vì thế mà cung điện này một thời là trung tâm của đất nước.",NA,NA,Tỉnh Thừa Thiên Huế,Thành phố Huế,Phường Thuận Hòa,Đường 23 tháng 8,"16.468674416745678, 107.57841284811686",107.5784,16.46885,https://sohoa.thuathienhue.gov.vn/uploadfiles/eform/5418/2022/07/4447.jpg,POINT (107.5784 16.46885),"Đường 23 tháng 8, Phường Thuận Hòa, Thành phố Huế"
2,Đàn Xã Tắc,Di sản văn hóa vật thể,Di tích lịch sử,"Đàn tế thần đất và thần lúa của triều Nguyễn ở Kinh đô Huế. Đàn tọa lạc ở bên trong Kinh thành, phía tây của Hoàng thành, xưa thuộc xã Hữu Niên (sau thành phường Ngưng Tích), nay thuộc địa phận phường Thuận Hòa, Thành phố Huế.",,,Tỉnh Thừa Thiên Huế,Thành phố Huế,Phường Thuận Hòa,Xã Tắc,"16.465010456947144, 107.57122951817894",107.57124,16.46521,https://sohoa.thuathienhue.gov.vn/uploadfiles/eform/5418/2022/07/dan_xa_tac.jpg,POINT (107.57124 16.46521),"Xã Tắc, Phường Thuận Hòa, Thành phố Huế"
3,Điện Cần Chánh,Di sản văn hóa vật thể,Di tích lịch sử,"Cần Chánh là ngôi điện dùng làm nơi thường triều của vua Nguyễn trong Tử Cấm Thành, nay đã trở thành phế tích. Điện được xây dựng năm Gia Long thứ 3 (1804), sau còn được tu bổ nhiều lần. Đây vốn là ngôi điện có kết cấu gỗ lớn và đẹp nhất trong Tử Cấm thành. Điện đặt trên một nền đài cao gần 1m, bó vỉa bằng gạch vồ và đá thanh. Diện tích, mặt nền gần 1000m2. Chính điện 5 gian, 2 chái kép, tiền điện 7 gian, 2 chái đơn, hai bên đông tây có 4 hồi lang mỗi bên 5 gian nối qua điện Văn Minh, Võ Hiển và qua Tả Vu, Hữu Vu. Toàn bộ bộ khung gỗ gồm 80 chiếc cột bằng gỗ lim. Phần lớn kết cấu bộ khung bên trên (xuyên, trến, kèo, đòn tay, hệ thống con-xon, các liên ba...) đều được chạm trổ  trang trí rất tinh xảo",,,Tỉnh Thừa Thiên Huế,Thành phố Huế,Phường Thuận Hòa,,"16.469526246461946, 107.57777495136858",107.5778,16.46975,https://sohoa.thuathienhue.gov.vn/uploadfiles/eform/5418/2022/07/dien_can_chanh.jpg,POINT (107.5778 16.46975),", Phường Thuận Hòa, Thành phố Huế"
4,Điện Hòn Chén,Di sản văn hóa vật thể,Di tích lịch sử,"Thấp thoáng giữa những rừng cây xanh um trải dài từ chân đến đỉnh ngọn núi Ngọc Trản và bình yên soi bóng bên dòng sông Hương trong xanh huyền thoại là điện Hòn Chén, một di tích tôn giáo và danh thắng nổi tiếng thuộc quần thể di tích cố đô Huế, thuộc địa bàn làng Hải Cát, xã Hương Thọ, huyện Hương Trà.",,,Tỉnh Thừa Thiên Huế,Thành phố Huế,Xã Hương Thọ,,"16.42192703043939, 107.56296888110256",107.56302,16.42211,https://sohoa.thuathienhue.gov.vn/uploadfiles/eform/5418/2022/07/dien_hon_chen.jpg,POINT (107.56302 16.42211),", Xã Hương Thọ, Thành phố Huế"
5,Văn Thánh (Văn Miếu),Di sản văn hóa vật thể,Di tích lịch sử,"Văn Miếu hay Văn Thánh là cách gọi tắt của một ngôi miếu: Văn Thánh Miếu, ngôi miếu thờ vị Thánh về văn- người được hậu thế tôn vinh là Vạn Thế Sư Biểu (người thầy của muôn đời): Khổng Tử.",,,Tỉnh Thừa Thiên Huế,Thành phố Huế,Phường Hương Hồ,Văn Thánh,"16.452671798098326, 107.53897612643765",107.53894,16.45282,https://sohoa.thuathienhue.gov.vn/uploadfiles/eform/5418/2022/07/vanthanh.jpg,POINT (107.53894 16.45282),"Văn Thánh, Phường Hương Hồ, Thành phố Huế"
6,TỨ PHƯƠNG VÔ SỰ VÀ KHÁT VỌNG HÒA BÌNH,Di sản văn hóa vật thể,Di tích lịch sử,"Nổi bật trên nền Bắc Khuyết Đài, ở vị trí cao nhất của phía bắc Hoàng thành, lầu Tứ Phương Vô Sự là một công trình kiến trúc đặc biệt trong tổng thể kiến trúc cung đình Huế. Đây là công trình hiếm hoi của Hoàng cung quay mặt về phía bắc, và cùng với cửa Hòa Bình (cửa Bắc của Hoàng thành), làm nên một tổ hợp kiến trúc biểu thị cho ước vọng hòa bình của triều đại.",,,Tỉnh Thừa Thiên Huế,Thành phố Huế,Phường Thuận Hòa,,"16.471935708000835, 107.57585017489981",107.57595,16.47217,https://sohoa.thuathienhue.gov.vn/uploadfiles/eform/5418/2022/07/2011_214126_picture1.jpg,POINT (107.57595 16.47217),", Phường Thuận Hòa, Thành phố Huế"
7,Điện Long An,Di sản văn hóa vật thể,Di tích lịch sử,"Điện Long An được xây dựng năm 1845, thời vua Thiệu Trị (1841-1847), tại bờ Bắc sông Ngự Hà để làm nơi nghỉ lại của nhà vua sau khi ông tiến hành lễ cày ruộng Tịch Điền - lễ mở đầu cho vụ mùa mới, mỗi năm tổ chức một lần vào mùa xuân.",,,Tỉnh Thừa Thiên Huế,Thành phố Huế,Phường Đông Ba,Lê Trực,"16.471186492470384, 107.58200028037855",107.58186,16.47138,https://sohoa.thuathienhue.gov.vn/uploadfiles/eform/5418/2022/07/noithatla.jpg,POINT (107.58186 16.47138),"Lê Trực, Phường Đông Ba, Thành phố Huế"
8,Hồ Tịnh Tâm,Di sản văn hóa vật thể,Danh thắng,"Hồ Tịnh Tâm là một trong những cảnh nổi tiếng nhất của đất Kinh thành, nay thuộc địa phận phường Thuận Thành, Thành phố Huế. Nguyên xưa, hồ là một đoạn sông Kim Long được cải tạo lại, tên ban đầu là ao Ký Tế. Năm Minh Mạng thứ 3 (1822), triều Nguyễn đã huy động tới 8000 binh lính tham gia vào việc cải tạo hồ, biến nó trở thành một Ngự Uyển của Hoàng gia. Sau khi hoàn thành, hồ mang tên mới là Tịnh Tâm.",,,Tỉnh Thừa Thiên Huế,Thành phố Huế,Phường Đông Ba,,"16.47797613752832, 107.57670942084826",107.57672,16.47805,https://sohoa.thuathienhue.gov.vn/uploadfiles/eform/5418/2022/07/hotinhtam.jpg,POINT (107.57672 16.47805),", Phường Đông Ba, Thành phố Huế"
9,Lăng Dục Đức (An Lăng),Di sản văn hóa vật thể,Di tích lịch sử,"Dân gian có câu: “Sướng như vua”, quả có như vậy, nhưng không chính xác hoàn toàn bởi vì có những ông vua như vua Dục Đức là minh chứng xác đáng để phủ nhận thành ngữ trên.",,,Tỉnh Thừa Thiên Huế,Thành phố Huế,Phường An Cựu,,"16.4513382938312, 107.5931864645684",107.59295,16.45118,https://sohoa.thuathienhue.gov.vn/uploadfiles/eform/5418/2022/07/lang_duc_duc.jpg,POINT (107.59295 16.45118),", Phường An Cựu, Thành phố Huế"
10,Lăng Khải Định (Ứng Lăng),Di sản văn hóa vật thể,Di tích lịch sử,"Vua Khải Định (1916-1925) là vị vua thứ 12 của triều Nguyễn và là người cuối cùng xây dựng lăng tẩm, chuẩn bị cho sự “ra đi” của một ông vua vào buổi mạt kỳ của chế độ phong kiến. Bước lên ngai vàng vào giữa tuổi 31, Khải Định say sưa với việc xây dựng cung điện, dinh thự, lăng tẩm cho bản thân và hoàng tộc như điện Kiến Trung, cung An Định, cửa Trường An, cửa Hiển Nhơn, cửa Chương Đức, đặc biệt là Ứng Lăng. Những công trình này làm hao tổn nhiều nhân lực, của cải của binh dân, song đó cũng là những công trình có giá trị văn hóa, nghệ thuật đặc sắc.",150000,30000,Tỉnh Thừa Thiên Huế,Thành phố Huế,Xã Thủy Bằng,,"16.399015354515356, 107.59036229698924",107.59092,16.3995,https://sohoa.thuathienhue.gov.vn/uploadfiles/eform/5418/2022/07/langkhaidinh051.jpg,POINT (107.59092 16.3995),", Xã Thủy Bằng, Thành phố Huế"
11,Lăng Minh Mạng (Hiếu Lăng),Di sản văn hóa vật thể,Di tích lịch sử,"Tháng 2 năm 1820 vua Gia Long băng hà, hoàng tử thứ tư là Nguyễn Phúc Đảm được đưa lên ngai vàng, lấy niên hiệu là Minh Mạng. Vua Minh Mạng là người có nhiều đóng góp đối với công việc mở mang đất nước, đưa nước Đại Nam lên hàng mạnh nhất trong các quốc gia Đông Nam Á lúc bấy giờ.",150000,30000,Tỉnh Thừa Thiên Huế,Thành phố Huế,Xã Hương Thọ,,"16.38764110779309, 107.56907554476622",107.569108691846,16.3876555694667,https://sohoa.thuathienhue.gov.vn/uploadfiles/eform/5418/2022/07/lang_minh_mang.jpg,POINT (107.569108691846 16.3876555694667),", Xã Hương Thọ, Thành phố Huế"
12,Lăng Thiệu Trị (Xương Lăng),Di sản văn hóa vật thể,Di tích lịch sử,"Lăng Thiệu Trị có tên chữ là Xương Lăng, nằm ở địa phận làng Cư Chánh, xã Thủy Bằng, thành phố Huế. So với lăng tẩm các vua tiền nhiệm và kế vị, lăng Thiệu Trị có những nét riêng độc đáo.",50000,,Tỉnh Thừa Thiên Huế,Thành phố Huế,Xã Thủy Bằng,,"16.417892871749526, 107.57258040625274",107.572519020705,16.4178651974389,https://sohoa.thuathienhue.gov.vn/uploadfiles/eform/5418/2022/08/langthieutri04.jpg,POINT (107.572519020705 16.4178651974389),", Xã Thủy Bằng, Thành phố Huế"
13,Lăng Tự Đức (Khiêm Lăng),Di sản văn hóa vật thể,Di tích lịch sử,"Lăng Tự Đức là một trong những công trình đẹp nhất của kiến trúc thời Nguyễn. Ông vua thi sĩ Tự Đức (1848-1883) đã chọn cho mình một nơi yên nghỉ xứng đáng với ngôi vị của mình, phù hợp với sở thích và nguyện vọng của con người có học vấn uyên thâm và lãng tử bậc nhất trong hàng vua chúa nhà Nguyễn. Lăng tọa lạc trong một thung lũng hẹp thuộc làng Dương Xuân Thượng, tổng Cư Chánh (nay là thôn Thượng Ba, xã Thủy Xuân, thành phố Huế).",150000,30000,Tỉnh Thừa Thiên Huế,Thành phố Huế,Phường Thuỷ Xuân,,"16.433003696818947, 107.56643177862958",107.565353,16.433174,https://sohoa.thuathienhue.gov.vn/uploadfiles/eform/5418/2022/07/37420.jpg,POINT (107.565353 16.433174),", Phường Thuỷ Xuân, Thành phố Huế"
14,Lăng Ðồng Khánh (Tư Lăng),Di sản văn hóa vật thể,Di tích lịch sử,"Lăng Ðồng Khánh tọa lạc giữa một vùng quê tĩnh mịch thuộc làng Cư Sĩ, xã Dương Xuân ngày trước (nay là thôn Thượng Hai, xã Thủy Xuân, thành phố Huế).",50000,,Tỉnh Thừa Thiên Huế,Thành phố Huế,Phường Thuỷ Xuân,,"16.429930197533945, 107.5699971573556",107.57001,16.42995,https://sohoa.thuathienhue.gov.vn/uploadfiles/eform/5418/2022/07/dongkhanh.gif,POINT (107.57001 16.42995),", Phường Thuỷ Xuân, Thành phố Huế"
15,Lăng Gia Long (Thiên Thọ Lăng),Di sản văn hóa vật thể,Di tích lịch sử,"Tên gọi lăng Gia Long hiện nay thực ra là để chỉ cả một quần thể lăng tẩm của nhiều người trong hàng quyến thuộc của nhà vua, với trọng địa là khu lăng mộ của vua Gia Long và bà Thừa Thiên Cao Hoàng hậu.",50000,,Tỉnh Thừa Thiên Huế,Thành phố Huế,Xã Hương Thọ,,"16.361782683106913, 107.5968284270277",107.59677,16.36204,https://sohoa.thuathienhue.gov.vn/uploadfiles/eform/5418/2022/07/52133.jpg,POINT (107.59677 16.36204),", Xã Hương Thọ, Thành phố Huế"
16,Phu Văn Lâu,Di sản văn hóa vật thể,Di tích lịch sử,"Trên trục chính của Hoàng thành Huế, từ Kỳ đài nhìn ra sông Hương có hai công trình kiến trúc rất duyên dáng tô điểm cho bộ mặt của Kinh thành Huế. Một trong hai công trình ấy là Phu Văn Lâu.",,,Tỉnh Thừa Thiên Huế,Thành phố Huế,Phường Thuận Hòa,,"16.465468722809014, 107.58092789602121",107.580897854935,16.4654710493563,https://sohoa.thuathienhue.gov.vn/uploadfiles/eform/5418/2022/07/phu_van_lau.jpg,POINT (107.580897854935 16.4654710493563),", Phường Thuận Hòa, Thành phố Huế"
17,Ngọ Môn,Di sản văn hóa vật thể,Di tích lịch sử,"Ngọ Môn là di tích kiến trúc thời Nguyễn, cổng chính phía nam của Hoàng thành. Ngọ Môn được xây dựng năm Minh Mạng 14 (1833), khi triều Nguyễn tổ chức qui hoạch lại toàn bộ mặt bằng kiến trúc Hoàng thành. Nguyên tại vị trí này trước kia là Nam Khuyết Đài, xây dựng đầu thời Gia Long. Trên đài có điện Càn Nguyên, hai bên có hai cửa là Tả Đoan Môn và Hữu Đoan Môn.",200000,40000,Tỉnh Thừa Thiên Huế,Thành phố Huế,Phường Thuận Hòa,,"16.467032088239044, 107.57968805730478",107.579109037712,16.4677814265734,https://sohoa.thuathienhue.gov.vn/uploadfiles/eform/5418/2022/07/ngomon04.jpg,POINT (107.579109037712 16.4677814265734),", Phường Thuận Hòa, Thành phố Huế"
18,Viện Cơ Mật - Tam Tòa,Di sản văn hóa vật thể,Di tích lịch sử,"Tam Tòa, nằm ở địa chỉ 23 Tống Duy Tân, thuộc phường Thuận Thành, ở góc đông-nam bên trong kinh thành Huế, hiện là trụ sở của Trung tâm Bảo tồn Di tích Cố đô Huế. Đây là một di tích mang nhiều biến cố lịch sử với nhiều lần thay đổi cả về chức năng, kiến trúc và tên gọi.",,,Tỉnh Thừa Thiên Huế,Thành phố Huế,Phường Đông Ba,23 Tống Duy Tân,"16.471314048954817, 107.58412832133796",107.58413,16.47146,https://sohoa.thuathienhue.gov.vn/uploadfiles/eform/5418/2022/07/49207.jpg,POINT (107.58413 16.47146),"23 Tống Duy Tân, Phường Đông Ba, Thành phố Huế"
19,Chùa Thiên Mụ,Di sản văn hóa vật thể,Di tích lịch sử,"Huế vốn là nơi qui tụ nhiều di tích thắng cảnh, nhiều ngôi chùa cổ kính nổi tiếng của Việt Nam. Nhưng ngôi chùa xưa nhất có lẽ phải kể đến chùa Thiên Mụ- nơi có sự tích ra đời gắn liền với bước chân mở đường của vị chúa Nguyễn đầu tiên xứ Đàng Trong.",,,Tỉnh Thừa Thiên Huế,Thành phố Huế,Phường Hương Long,,"16.453096831850054, 107.54490911318084",107.54496,16.45339,https://sohoa.thuathienhue.gov.vn/uploadfiles/eform/5418/2022/07/chuathienmu1.jpg,POINT (107.54496 16.45339),", Phường Hương Long, Thành phố Huế"
21,Nghênh Lương Đình,Di sản văn hóa vật thể,Di tích lịch sử,"Trên trục dọc từ Kỳ đài ra đến Phu Văn Lâu, Nghênh Lương Đình cũng là một công trình được xây dựng dưới thời Nguyễn, dùng làm nơi nghỉ chân của nhà vua trước khi đi xuống bến sông để lên thuyền rồng hoặc làm nơi hóng mát. Trước đây, người ta phải ngăn con đường đi từ cửa Thể Nhơn (dân gian còn gọi là cửa Ngăn) ra Nghênh Lương Đình, không cho ai qua lại hoặc thấy mặt vua.",,,Tỉnh Thừa Thiên Huế,Thành phố Huế,Phường Thuận Hòa,Lê Duẫn,"16.46483192216786, 107.5814034765088",107.58137,16.46494,https://sohoa.thuathienhue.gov.vn/uploadfiles/eform/5418/2022/07/nghinhluongdinh.jpg,POINT (107.58137 16.46494),"Lê Duẫn, Phường Thuận Hòa, Thành phố Huế"
22,Điện Voi Ré (Miếu Long Châu),Di sản văn hóa vật thể,Di tích lịch sử,"Nằm cách trung tâm thành phố Huế khoảng 5 km về phía Tây-Nam, trên địa phận thôn Trường Đá thuộc xã Thủy Biều, điện Voi Ré vừa là chứng tích một thời của đội Kinh tượng nhà Nguyễn, vừa là một di tích độc đáo thuộc quần thể di tích cố đô Huế.",,,Tỉnh Thừa Thiên Huế,Thành phố Huế,Phường Thuỷ Biều,Bùi Thị Xuân,"16.448229751052573, 107.55280151735377",107.55281,16.44828,https://sohoa.thuathienhue.gov.vn/uploadfiles/eform/5418/2022/07/die1bb87nvoire.jpg,POINT (107.55281 16.44828),"Bùi Thị Xuân, Phường Thuỷ Biều, Thành phố Huế"
23,Hổ Quyền,Di sản văn hóa vật thể,Di tích lịch sử,"Hổ Quyền là một di tích hết sức đặc biệt trong quần thể di tích cố đô Huế, tọa lạc tại địa phận thôn Trường Đá, xã Thủy Biều, thành phố Huế.

Như ý nghĩa mà hai chữ Hổ Quyền bao hàm, đây thực sự là một chuồng nuôi hổ. Song bên cạnh đó, nó còn có chức năng của một đấu trường hết sức độc đáo mà theo sự hiểu biết của chúng tôi thì không hề có ở bất cứ nơi đâu trên thế giới: đấu trường của những cuộc tử chiến giữa voi và hổ.",,,Tỉnh Thừa Thiên Huế,Thành phố Huế,Phường Thuỷ Biều,,"16.44849019242968, 107.5545664015393",107.55456,16.44856,https://sohoa.thuathienhue.gov.vn/uploadfiles/eform/5418/2022/07/ho_quyen.jpg,POINT (107.55456 16.44856),", Phường Thuỷ Biều, Thành phố Huế"
24,Đàn Nam Giao,Di sản văn hóa vật thể,Di tích lịch sử,"Đàn Nam Giao là nơi các vua Nguyễn tế trời, được đặt tại làng An Ninh vào năm 1803, thời vua Gia Long. Năm 1806, đàn được dời về phía Nam của Kinh Thành - nay là địa phận phường Trường An, thành phố Huế.",,,Tỉnh Thừa Thiên Huế,Thành phố Huế,Phường Trường An,,"16.437757160959073, 107.58269307782999",107.58267,16.43786,https://sohoa.thuathienhue.gov.vn/uploadfiles/eform/5418/2022/07/dannamgiaohue.jpg,POINT (107.58267 16.43786),", Phường Trường An, Thành phố Huế"
25,Kỳ Đài,Di sản văn hóa vật thể,Di tích lịch sử,"Kỳ Đài, tục gọi Cột cờ là di tích kiến trúc thời Nguyễn. Kỳ Đài được xây dựng năm Gia Long thứ 6 (1807) ở vị trí chính giữa trên mặt nam của Kinh thành, thuộc phạm vi pháo đài Nam Chánh.",,,Tỉnh Thừa Thiên Huế,Thành phố Huế,Phường Thuận Hòa,,"16.46628443537681, 107.58028906315569",107.58046,16.46627,https://sohoa.thuathienhue.gov.vn/uploadfiles/eform/5418/2022/07/ki_dai_hue.jpg,POINT (107.58046 16.46627),", Phường Thuận Hòa, Thành phố Huế"
27,Đàn Sơn Xuyên,Di sản văn hóa vật thể,Di tích lịch sử,"Ở Thừa Thiên Huế. ngoài đàn Nam Giao là nơi tế trời, đàn Xã Tắc là nơi tế đất, còn có đàn Sơn Xuyên là nơi tế thần sông, thần núi.Tất cả đều chung một mục đích là cầu cho “quốc thái, dân an, mùa màng tốt tươi”. Điều đặc biệt, ở nước ta hiện nay duy nhất còn đàn Sơn Xuyên ở Huế. Di tích đàn Sơn Xuyên hiện nay nằm trong khuôn viên trường tiểu học Phường Đúc, số 245 đường Bùi Thị Xuân.",,,Tỉnh Thừa Thiên Huế,Thành phố Huế,Phường Phường Đúc,245 Bùi Thị Xuân,"16.453716753158243, 107.56576229580827",107.56575,16.45385,https://sohoa.thuathienhue.gov.vn/uploadfiles/eform/5418/2022/07/45378.jpg,POINT (107.56575 16.45385),"245 Bùi Thị Xuân, Phường Phường Đúc, Thành phố Huế"
28,Cung An Định,,Quần thể di tích cố đô khác,https://thuathienhue.gov.vn/Thong-tin-du-dia-chi/tid/Cung-An-dinh-An-Dinh-Cung/newsid/804CFCD7-362E-4B05-9A7B-E4D90059F302/cid/4E568EE4-C8BC-4F08-8B97-706999B99B37,,,,Thành phố Huế,,97 đường Phan Đình Phùng,"16.456698142526257, 107.59838431776703",,,,,
29,Cung Diên Thọ,,Quần thể di tích cố đô khác,https://thuathienhue.gov.vn/Thong-tin-du-dia-chi/tid/Cung-Dien-Tho/newsid/DD9DBA55-909B-423C-836A-E0EA250E8E53/cid/4E568EE4-C8BC-4F08-8B97-706999B99B37,,,,Thành phố Huế,,,"16.468791994043915, 107.57525629858578",,,,,
30,Cung Trường Sinh,,Quần thể di tích cố đô khác,https://thuathienhue.gov.vn/Thong-tin-du-dia-chi/tid/Cung-Truong-Sanh-Cung-Truong-Sinh/newsid/671D29DF-FBD6-44F3-98C8-B6C5D05FD1BB/cid/4E568EE4-C8BC-4F08-8B97-706999B99B37,,,,Thành phố Huế,,,"16.469720306919182, 107.57468794198594",,,,,
31,Cửu Đỉnh,,Quần thể di tích cố đô khác,https://thuathienhue.gov.vn/Thong-tin-du-dia-chi/tid/Cuu-Dinh/newsid/9FC85B22-A9E3-4468-965D-FA10349D2D8D/cid/4E568EE4-C8BC-4F08-8B97-706999B99B37,,,,Thành phố Huế,,,"16.466831350208313, 107.5769609455842",,,,,
32,Cửu vị thần công,,Quần thể di tích cố đô khác,https://thuathienhue.gov.vn/Thong-tin-du-dia-chi/tid/Cuu-vi-than-cong/newsid/21BBE70F-7CE7-4DDD-B3B2-E0F6BAD481F0/cid/4E568EE4-C8BC-4F08-8B97-706999B99B37,,,,Thành phố Huế,,,"16.46792849812109, 107.58122783333997",,,,,
33,Đình Thương Bạc,,Quần thể di tích cố đô khác,https://thuathienhue.gov.vn/Thong-tin-du-dia-chi/tid/Dinh-Thuong-Bac/newsid/56A57EFF-EA3B-45B2-8E5E-E17CAFA6E03C/cid/4E568EE4-C8BC-4F08-8B97-706999B99B37,,,,Thành phố Huế,,,"16.468054527399204, 107.58553925035208",,,,,
34,Duyệt Thị Đường,,Quần thể di tích cố đô khác,https://thuathienhue.gov.vn/Thong-tin-du-dia-chi/tid/Duyet-Thi-Duong/newsid/4BAFB856-5352-4A8D-87F5-82C6BE334629/cid/4E568EE4-C8BC-4F08-8B97-706999B99B37,,,,Thành phố Huế,,,"16.470283254564798, 107.57851624991932",,,,,
35,Hiển Lâm Các,,Quần thể di tích cố đô khác,https://thuathienhue.gov.vn/Thong-tin-du-dia-chi/tid/Hien-Lam-Cac/newsid/E3FB6046-FCAE-42C5-832D-D5C6F08C7E84/cid/4E568EE4-C8BC-4F08-8B97-706999B99B37,,,,Thành phố Huế,,,"16.46666317110437, 107.57709594865408",,,,,
36,Đình Dạ Lê,,Kiến trúc nghệ thuật,https://thuathienhue.gov.vn/Thong-tin-du-dia-chi/tid/Dinh-Da-Le-Di-tich-kien-truc-nghe-thuat-cap-Quoc-gia/newsid/F17256A1-5740-4415-BA17-E2CD85A299A8/cid/010ADD5E-B8C1-4D12-81DD-05B7BBAB942B,,,,Thành phố Huế,,,"16.48694331239766, 107.62669006972031",,,,,
37,Đình Lại Thế,,Kiến trúc nghệ thuật,https://thuathienhue.gov.vn/Thong-tin-du-dia-chi/tid/%c3%90inh-Lai-The-Di-tich-kien-truc-nghe-thuat-cap-Quoc-gia/newsid/DA0BB5EC-18E2-4071-9420-0C8A24FF4236/cid/010ADD5E-B8C1-4D12-81DD-05B7BBAB942B,,,,Thành phố Huế,,,"16.48741971205504, 107.57951873248211",,,,,
38,Đình Phú Xuân,,Kiến trúc nghệ thuật,https://thuathienhue.gov.vn/Thong-tin-du-dia-chi/tid/Dinh-Phu-Xuan-Di-tich-lich-su-kien-truc-nghe-thuat-cap-Quoc-gia/newsid/045CABC8-FC88-402C-A30E-050077C50937/cid/010ADD5E-B8C1-4D12-81DD-05B7BBAB942B,,,,Thành phố Huế,,,"16.477605481248165, 107.56560362780793",,,,,
39,Đình Thai Dương Hạ,,Kiến trúc nghệ thuật,https://thuathienhue.gov.vn/Thong-tin-du-dia-chi/tid/Dinh-Thai-Duong-Ha-Di-tich-kien-truc-nghe-thuat-cap-tinh/newsid/666C8DD2-93B3-487C-83A5-A65000AB9BC0/cid/010ADD5E-B8C1-4D12-81DD-05B7BBAB942B,,,,Thành phố Huế,,,"16.557716693672415, 107.6466310029033",,,,,
41,Nhà thờ tổ nghề kim hoàn,,Nghề truyền thống,https://thuathienhue.gov.vn/Thong-tin-du-dia-chi/tid/Nha-tho-To-nghe-kim-hoan-Di-tich-lich-su-cap-quoc-gia-nganh-nghe-truyen-thong/newsid/D2F91DDA-7996-4D7F-9474-9F12EBA3193A/cid/AAA91F77-A977-475D-98AC-F2F702C37A1C,,,,Thành phố Huế,,"Số 7, đường Chùa Ông","16.478648854072368, 107.58718813443592",,,,,
42,Thanh Bình Từ Đường,,Nghề truyền thống,https://thuathienhue.gov.vn/Thong-tin-du-dia-chi/tid/Thanh-Binh-Tu-Duong-Di-tich-lich-su-cap-quoc-gia/newsid/8A2C5AE2-53BE-49BB-89CF-044319133FEF/cid/AAA91F77-A977-475D-98AC-F2F702C37A1C,,,,Thành phố Huế,,"Khu vực 5, phường Phú Hiệp","16.484362995303346, 107.58991712613903",,,,,
45,Thành Lồi,,Văn hóa Champa,https://thuathienhue.gov.vn/Thong-tin-du-dia-chi/tid/Thanh-Loi/newsid/C8A171F8-49B7-4B3B-8CCD-3567E47D5323/cid/124789A1-2FCC-4F64-AD2C-31B93939C758,,,,Thành phố Huế,,,"16.445736567273904, 107.55727145821196",,,,,
46,Lăng mộ và nhà thờ Phan Bội Châu,,Lưu niệm danh nhân,,,,,Thành phố Huế,Phường Trường An,"Số 53, đường Phan Bội Châu","16.451411454690216, 107.5828320923086",,,,,
47,Lăng mộ Thái Phiên - Trần Cao Vân,,Lưu niệm danh nhân,https://thuathienhue.gov.vn/Thong-tin-du-dia-chi/tid/Ngoi-mo-chung-hai-nha-yeu-nuoc-Thai-Phien-Tran-Cao-Van-Di-tich-lich-su-cap-Quoc-gia/newsid/423FB460-47B3-4E60-AA4D-D78409B44E59/cid/17755F05-A6DF-4876-A5A9-5987A6567282,,,,Thành phố Huế,Phường Thủy Xuân,,"16.436102554851978, 107.57505139698964",,,,,
48,Lăng mộ Nguyễn Khoa Chiêm - Nguyễn Khoa Đăng,,Lưu niệm danh nhân,https://thuathienhue.gov.vn/Thong-tin-du-dia-chi/tid/Lang-mo-Nha-tho-Nguyen-Khoa-Chiem-Nguyen-Khoa-Dang-Di-tich-lich-su-cap-Quoc-gia/newsid/9469AA31-58A8-42DE-93EF-FB967CE4578D/cid/17755F05-A6DF-4876-A5A9-5987A6567282,,,,Thành phố Huế,,,"16.434407140983165, 107.60122428575626",,,,,
50,Phủ thờ Tuy Lý Vương,,Lưu niệm danh nhân,https://thuathienhue.gov.vn/Thong-tin-du-dia-chi/tid/Phu-tho-va-Lang-mo-nha-tho-Tuy-Ly-Vuong-Di-tich-lich-su-cap-Quoc-gia/newsid/D5C383AA-7446-4507-811F-50D2E0B9C527/cid/17755F05-A6DF-4876-A5A9-5987A6567282,,,,Thành phố Huế,,140 Nguyễn Sinh Cung,"16.480249651300145, 107.5961311954045",,,,,
51,Đồi Thiên An,,Danh thắng,https://thuathienhue.gov.vn/Thong-tin-du-dia-chi/tid/Doi-Thien-An/newsid/C057A7BA-460F-4210-AD3E-800001441432/cid/1239F3FD-0A95-4137-A263-1409F22087F3,,,,Thành phố Huế,Xã Thủy Bằng,,"16.411137420907547, 107.58261240700045",,,,,
52,Đồi Vọng Cảnh,,Danh thắng,https://thuathienhue.gov.vn/Thong-tin-du-dia-chi/tid/Doi-Vong-Canh/newsid/50FB1B17-5844-4E72-AFE9-45416A8408AC/cid/1239F3FD-0A95-4137-A263-1409F22087F3,,,,Thành phố Huế,,,"16.427871741567763, 107.56416596700336",,,,,
53,Chùa Bảo Quốc,,Danh thắng,https://thuathienhue.gov.vn/Thong-tin-du-dia-chi/tid/Chua-Bao-Quoc/newsid/AD5AF975-45CD-43A0-9878-1B7114A600F8/cid/D2479568-F5B9-4393-8605-56045DF3489C,,,,Thành phố Huế,,Điện Biên Phủ,"16.454127193993177, 107.57956661833722",,,,,
54,Chùa Diệu Đế,,Danh thắng,https://thuathienhue.gov.vn/Thong-tin-du-dia-chi/tid/Chua-Dieu-De/newsid/B8027C5E-FB8C-4AB3-8ACF-FCD9D77002F7/cid/D2479568-F5B9-4393-8605-56045DF3489C,,,,Thành phố Huế,Phường Phú Cát,,"16.47788352988511, 107.58749530875077",,,,,
55,Chùa Quốc Ân,,Danh thắng,https://thuathienhue.gov.vn/Thong-tin-du-dia-chi/tid/Chua-Quoc-An/newsid/B4231F4F-D49C-4A1C-BF37-AC1E00EEA77F/cid/D2479568-F5B9-4393-8605-56045DF3489C,,,,Thành phố Huế,Phường Trường An,,"16.44289790094771, 107.58761743699117",,,,,
56,Chùa Tây Thiên,,Danh thắng,https://thuathienhue.gov.vn/Thong-tin-du-dia-chi/tid/Chua-Tay-Thien/newsid/64000A43-8B1A-489C-9D04-C5EB8C1F6ED2/cid/D2479568-F5B9-4393-8605-56045DF3489C,,,,Thành phố Huế,Phường Thủy Xuân,,"16.432498942938448, 107.58398667252212",,,,,
57,Chùa Thuyền Tôn,,Danh thắng,https://thuathienhue.gov.vn/Thong-tin-du-dia-chi/tid/Chua-Thuyen-Ton/newsid/452B0D50-6113-48AB-B633-94E190618845/cid/D2479568-F5B9-4393-8605-56045DF3489C,,,,Thành phố Huế,Phường An Tây,,"16.420897412658352, 107.59644791030303",,,,,
58,Chùa Trúc Lâm,,Danh thắng,https://thuathienhue.gov.vn/Thong-tin-du-dia-chi/tid/Chua-Truc-Lam/newsid/5C2B0B30-BEEC-4433-8981-3192D15219FD/cid/D2479568-F5B9-4393-8605-56045DF3489C,,,,Thành phố Huế,,,"16.426669858819782, 107.58391126378046",,,,,
59,Chùa Từ Đàm,,Danh thắng,https://thuathienhue.gov.vn/Thong-tin-du-dia-chi/tid/Chua-Tu-Dam/newsid/FD47E17F-0953-49E2-A24D-A9F350AC5DF2/cid/D2479568-F5B9-4393-8605-56045DF3489C,,,,Thành phố Huế,Phường Trường An,1 Sư Liễu Quán,"16.451744414314824, 107.58173546536298",,,,,
60,Chùa Từ Hiếu,,Danh thắng,https://thuathienhue.gov.vn/Thong-tin-du-dia-chi/tid/Chua-Tu-Hieu/newsid/8F55DB10-4D6F-4C83-8943-64C5C4015377/cid/D2479568-F5B9-4393-8605-56045DF3489C,,,,Thành phố Huế,Phường Thủy Xuân,,"16.438875654877034, 107.5720256675419",,,,,
61,Chùa Tường Vân,,Danh thắng,https://thuathienhue.gov.vn/Thong-tin-du-dia-chi/tid/Chua-Tuong-Van/newsid/F68DE69D-9195-42A1-9FA2-22DC20ECF961/cid/D2479568-F5B9-4393-8605-56045DF3489C,,,,Thành phố Huế,Phường Thủy Xuân,Trần Thái Tông,"16.446106640140666, 107.57744965046297",,,,,
62,Chùa Viên Thông,,Danh thắng,https://thuathienhue.gov.vn/Thong-tin-du-dia-chi/tid/Chua-Vien-Thong/newsid/4956D51B-5786-41FB-BDDA-AEE10114700E/cid/D2479568-F5B9-4393-8605-56045DF3489C,,,,Thành phố Huế,,,"16.440074203899936, 107.59315463134834",,,,,
63,Nhà thờ An Vân,,Danh thắng,https://thuathienhue.gov.vn/Thong-tin-du-dia-chi/tid/Nha-tho-An-Van/newsid/3974D35C-1806-4159-8A77-AEE400E3A160/cid/D2479568-F5B9-4393-8605-56045DF3489C,,,,Thành phố Huế,Phường Hương An,,"16.4550075253989, 107.52238447206787",,,,,
64,Nhà thờ Đức Mẹ Hằng Cứu Thế,,Danh thắng,https://thuathienhue.gov.vn/Thong-tin-du-dia-chi/tid/Nha-tho-Duc-Me-Hang-Cuu-the/newsid/9DE5616E-B05E-453C-B9F7-3CC038B482C8/cid/D2479568-F5B9-4393-8605-56045DF3489C,,,,Thành phố Huế,Phường Phú Nhuận,Nguyễn Huệ,"16.45824071721665, 107.59535349007517",,,,,
65,Nhà thờ Nam Phổ,,Danh thắng,https://thuathienhue.gov.vn/Thong-tin-du-dia-chi/tid/Nha-tho-Nam-Pho/newsid/3615A3F0-2C9A-4EE2-A8CA-AEE400E3D7AC/cid/D2479568-F5B9-4393-8605-56045DF3489C,,,,Thành phố Huế,Phường Phú Thượng,,"16.49440742716703, 107.59683552056347",,,,,
66,Nhà thờ Phủ Cam,,Danh thắng,https://thuathienhue.gov.vn/Thong-tin-du-dia-chi/tid/Nha-tho-Phu-Cam/newsid/AE592B22-4C6E-4747-9C1A-08BC9DA9CC53/cid/D2479568-F5B9-4393-8605-56045DF3489C,,,,Thành phố Huế,Phường Phước Vĩnh,,"16.453283811163118, 107.58754748670546",,,,,
67,Nhà thờ Phường Đúc,,Danh thắng,https://thuathienhue.gov.vn/Thong-tin-du-dia-chi/tid/Nha-tho-Phuong-Duc/newsid/FD47E73E-1C3E-44EC-906D-AEE400E3EB85/cid/D2479568-F5B9-4393-8605-56045DF3489C,,,,Thành phố Huế,Phường Phường Đúc,,"16.451013354842914, 107.55769245134428",,,,,
68,Nhà vườn An Hiên,,Danh thắng,https://thuathienhue.gov.vn/Thong-tin-du-dia-chi/tid/Nha-vuon-An-Hien/newsid/AA27360B-5B59-40D1-9905-9BFCDEA55382/cid/501A14EB-AE06-4223-8EF0-4D09971F7D64,,,,Thành phố Huế,,,"16.455336566258094, 107.55368896704746",,,,,
69,Nhà vườn Bến Xuân,,Danh thắng,https://thuathienhue.gov.vn/Thong-tin-du-dia-chi/tid/Nha-vuon-Ben-Xuan/newsid/90C883F7-DCDA-4B19-8C6B-A9CE010A3845/cid/501A14EB-AE06-4223-8EF0-4D09971F7D64,,,,Thành phố Huế,Phường Hương Hồ,,"16.453340152648263, 107.54179565492895",,,,,
70,Nhà vườn Lạc Tịnh,,Danh thắng,https://thuathienhue.gov.vn/Thong-tin-du-dia-chi/tid/Nha-vuon-Lac-Tinh/newsid/2EB3D5DA-42FD-4DFA-BFA5-A872C43C6792/cid/501A14EB-AE06-4223-8EF0-4D09971F7D64,,,,Thành phố Huế,,65 Phan Đình Phùng,"16.455194092931965, 107.58514147780994",,,,,
71,Nhà vườn Lương Quán - Nguyệt Biều,,Danh thắng,https://thuathienhue.gov.vn/Thong-tin-du-dia-chi/tid/Nha-vuon-Luong-Quan-Nguyet-Bieu/newsid/2B1BA592-E86E-47D7-A2B4-A9DD00A95241/cid/501A14EB-AE06-4223-8EF0-4D09971F7D64,,,,Thành phố Huế,Phường Thủy Biều,,"16.44423368625616, 107.54068026533746",,,,,
72,Nhà vườn Ý Thảo,,Danh thắng,https://thuathienhue.gov.vn/Thong-tin-du-dia-chi/tid/Nha-vuon-Y-Thao/newsid/E7ACA513-ACFA-4092-A874-E379A27495DA/cid/501A14EB-AE06-4223-8EF0-4D09971F7D64,,,,Thành phố Huế,,,"16.468031964439678, 107.56702332410526",,,,,
73,Phủ thờ Công chúa Ngọc Sơn,,Danh thắng,https://thuathienhue.gov.vn/Thong-tin-du-dia-chi/tid/Phu-tho-Cong-chua-Ngoc-Son/newsid/A4813C2C-D0DD-426A-86C8-8F4DD4275420/cid/501A14EB-AE06-4223-8EF0-4D09971F7D64,,,,Thành phố Huế,Phường Gia Hội,,"16.48159293538299, 107.5858641163965",,,,,
74,Bảo tàng cổ vật cung đình Huế,,Bảo tàng,https://thuathienhue.gov.vn/Thong-tin-du-dia-chi/tid/Bao-tang-Co-vat-Cung-dinh-Hue/newsid/5AD38949-0D77-4D9B-BDD8-AEA100A32777/cid/976CAA65-B71C-43E7-A5CB-AEA100B20124,,,,Thành phố Huế,,3 Lê Trực,"16.471289977027393, 107.58211837924756",,,,,
75,Bảo tàng Đại tướng Nguyễn Chí Thanh,,Bảo tàng,https://thuathienhue.gov.vn/Thong-tin-du-dia-chi/tid/Bao-tang-Dai-tuong-Nguyen-Chi-Thanh/newsid/4371E3B8-58BD-4C34-A413-AEAC00ED178E/cid/976CAA65-B71C-43E7-A5CB-AEA100B20124,,,,Thành phố Huế,Phường Thuận Hòa,144 Đặng Thái Thân,"16.470713839364386, 107.57292180404394",,,,,
76,Bảo tàng đồ sứ ký kiểu thời Nguyễn,,Bảo tàng,https://thuathienhue.gov.vn/Thong-tin-du-dia-chi/tid/Bao-tang-Do-su-ky-kieu-thoi-Nguyen/newsid/2220C97B-1085-46C4-BC87-AEA200F6B49F/cid/976CAA65-B71C-43E7-A5CB-AEA100B20124,,,,Thành phố Huế,,114 Mai Thúc Loan,"16.476294144290655, 107.58190374811919",,,,,
77,Bảo tàng gốm cổ sông Hương,,Bảo tàng,https://thuathienhue.gov.vn/Thong-tin-du-dia-chi/tid/Bao-tang-Gom-co-Song-Huong/newsid/B938DE06-15EA-4E94-9BBD-AE7D00ACE69F/cid/976CAA65-B71C-43E7-A5CB-AEA100B20124,,,,Thành phố Huế,Phường Hương Long,120 Nguyễn Phúc Nguyên,"16.452679151228203, 107.54865323985238",,,,,
78,Bảo tàng Hồ Chí Minh,,Bảo tàng,https://thuathienhue.gov.vn/Thong-tin-du-dia-chi/tid/Bao-tang-Ho-Chi-Minh/newsid/6E6DE506-ADC7-4184-BB05-3C29822F195E/cid/976CAA65-B71C-43E7-A5CB-AEA100B20124,,,,Thành phố Huế,,7 Lê Lợi,"16.45950578865976, 107.58120993177621",,,,,
79,Bảo tàng lịch sử Thừa Thiên Huế,,Bảo tàng,https://thuathienhue.gov.vn/Thong-tin-du-dia-chi/tid/Bao-tang-Lich-su-Thua-Thien-Hue/newsid/E01F1F8D-ECD0-42D1-A5AF-AEA100F2C6DB/cid/976CAA65-B71C-43E7-A5CB-AEA100B20124,,,,Thành phố Huế,Phường Thuận Thành,1 đường 23/8,"16.47082549550852, 107.58211733468465",,,,,
80,Bảo tàng Mỹ thuật Cecile Lê Phạm,,Bảo tàng,https://thuathienhue.gov.vn/Thong-tin-du-dia-chi/tid/Bao-tang-My-thuat-Cecile-Le-Pham/newsid/9ED51185-CB68-4C9E-B951-AECC00EAFC10/cid/976CAA65-B71C-43E7-A5CB-AEA100B20124,,,,Thành phố Huế,Phường Phước Vĩnh,53 Hàm Nghi,"16.45340517519864, 107.59029757201345",,,,,
81,Bảo tàng Mỹ thuật Huế,,Bảo tàng,https://thuathienhue.gov.vn/Thong-tin-du-dia-chi/tid/Bao-tang-My-thuat-Hue/newsid/AB0B8390-4637-449D-A7EC-AEA100A63469/cid/976CAA65-B71C-43E7-A5CB-AEA100B20124,,,,Thành phố Huế,,Lê Lợi,"16.46538510553134, 107.58796455828191",,,,,
82,Bảo tàng thiên nhiên duyên hải miền Trung,,Bảo tàng,https://thuathienhue.gov.vn/Thong-tin-du-dia-chi/tid/Bao-tang-Thien-nhien-duyen-hai-Mien-Trung/newsid/3D5606E8-60A9-4222-BE29-AFE0010AEDB9/cid/976CAA65-B71C-43E7-A5CB-AEA100B20124,,,,Thành phố Huế,,,"16.473873209150454, 107.60384533532383",,,,,
